Type	TF	Acc	Cell	Tool
SPP	SPI1	1	GM12878	DREME
SPP	USF2	2	GM12878	DREME
SPP	ZBED1	1	GM12878	DREME
SPP	JUNB	1	GM12878	DREME
SPP	ZSCAN29	3	GM12878	DREME
SPP	RUNX3	3	GM12878	DREME
SPP	NR2F1	2	GM12878	DREME
SPP	BATF	1	GM12878	DREME
SPP	ELK1	3	GM12878	DREME
SPP	EBF1	3	GM12878	DREME
SPP	USF1	2	GM12878	DREME
SPP	YBX1	0	GM12878	DREME
SPP	E2F8	2	GM12878	DREME
SPP	GABPA	4	GM12878	DREME
SPP	CTCF	2	GM12878	DREME
SPP	IRF5	0	GM12878	DREME
SPP	BCL11A	0	GM12878	DREME
SPP	IRF3	1	GM12878	DREME
SPP	SP1	2	GM12878	DREME
SPP	YY1	2	GM12878	DREME
SPP	PKNOX1	0	GM12878	DREME
SPP	MEF2A	2	GM12878	DREME
SPP	KLF5	2	GM12878	DREME
SPP	JUND	1	GM12878	DREME
SPP	IRF4	1	GM12878	DREME
SPP	ZZZ3	0	GM12878	DREME
SPP	MAFK	3	GM12878	DREME
SPP	NFATC1	1	GM12878	DREME
SPP	TCF12	1	GM12878	DREME
SPP	NFIC	0	GM12878	DREME
SPP	FOS	1	GM12878	DREME
SPP	ATF7	2	GM12878	DREME
SPP	NRF1	1	GM12878	DREME
SPP	CREM	3	GM12878	DREME
SPP	NR2C1	0	GM12878	DREME
SPP	NFATC3	2	GM12878	DREME
SPP	ZNF384	2	GM12878	DREME
SPP	RELA	2	GM12878	DREME
SPP	PAX8	2	GM12878	DREME
SPP	PAX5	2	GM12878	DREME
SPP	RFX5	2	GM12878	DREME
SPP	ELF1	3	GM12878	DREME
SPP	ATF2	1	GM12878	DREME
SPP	CUX1	1	GM12878	DREME
SPP	RXRA	0	GM12878	DREME
SPP	E2F4	1	GM12878	DREME
SPP	NR2C2	1	GM12878	DREME
SPP	SRF	1	GM12878	DREME
SPP	CEBPB	2	GM12878	DREME
SPP	BHLHE40	1	GM12878	DREME
SPP	ESRRA	2	GM12878	DREME
SPP	TBX21	1	GM12878	DREME
SPP	TCF7	3	GM12878	DREME
SPP	MEF2B	0	GM12878	DREME
SPP	SMAD5	0	GM12878	DREME
SPP	HSF1	2	GM12878	DREME
SPP	MEF2C	2	GM12878	DREME
SPP	ETV6	1	GM12878	DREME
SPP	MAX	2	GM12878	DREME
SPP	ZNF143	1	GM12878	DREME
SPP	ETS1	3	GM12878	DREME
SPP	ZBTB33	1	GM12878	DREME
SPP_short	SPI1	3	GM12878	DREME
SPP_short	USF2	3	GM12878	DREME
SPP_short	ZBED1	3	GM12878	DREME
SPP_short	JUNB	3	GM12878	DREME
SPP_short	ZSCAN29	2	GM12878	DREME
SPP_short	RUNX3	3	GM12878	DREME
SPP_short	NR2F1	5	GM12878	DREME
SPP_short	BATF	3	GM12878	DREME
SPP_short	ELK1	4	GM12878	DREME
SPP_short	EBF1	4	GM12878	DREME
SPP_short	USF1	1	GM12878	DREME
SPP_short	YBX1	1	GM12878	DREME
SPP_short	E2F8	2	GM12878	DREME
SPP_short	GABPA	5	GM12878	DREME
SPP_short	CTCF	4	GM12878	DREME
SPP_short	IRF5	1	GM12878	DREME
SPP_short	BCL11A	0	GM12878	DREME
SPP_short	IRF3	0	GM12878	DREME
SPP_short	SP1	0	GM12878	DREME
SPP_short	YY1	4	GM12878	DREME
SPP_short	PKNOX1	0	GM12878	DREME
SPP_short	MEF2A	3	GM12878	DREME
SPP_short	KLF5	0	GM12878	DREME
SPP_short	JUND	4	GM12878	DREME
SPP_short	IRF4	1	GM12878	DREME
SPP_short	ZZZ3	1	GM12878	DREME
SPP_short	MAFK	4	GM12878	DREME
SPP_short	NFATC1	2	GM12878	DREME
SPP_short	TCF12	4	GM12878	DREME
SPP_short	NFIC	0	GM12878	DREME
SPP_short	FOS	0	GM12878	DREME
SPP_short	ATF7	2	GM12878	DREME
SPP_short	NRF1	3	GM12878	DREME
SPP_short	CREM	3	GM12878	DREME
SPP_short	NR2C1	2	GM12878	DREME
SPP_short	NFATC3	1	GM12878	DREME
SPP_short	ZNF384	3	GM12878	DREME
SPP_short	RELA	5	GM12878	DREME
SPP_short	PAX8	5	GM12878	DREME
SPP_short	PAX5	5	GM12878	DREME
SPP_short	RFX5	3	GM12878	DREME
SPP_short	ELF1	4	GM12878	DREME
SPP_short	ATF2	3	GM12878	DREME
SPP_short	CUX1	2	GM12878	DREME
SPP_short	RXRA	1	GM12878	DREME
SPP_short	E2F4	1	GM12878	DREME
SPP_short	NR2C2	2	GM12878	DREME
SPP_short	SRF	2	GM12878	DREME
SPP_short	CEBPB	4	GM12878	DREME
SPP_short	BHLHE40	5	GM12878	DREME
SPP_short	ESRRA	4	GM12878	DREME
SPP_short	TBX21	4	GM12878	DREME
SPP_short	TCF7	4	GM12878	DREME
SPP_short	MEF2B	0	GM12878	DREME
SPP_short	SMAD5	0	GM12878	DREME
SPP_short	HSF1	5	GM12878	DREME
SPP_short	MEF2C	4	GM12878	DREME
SPP_short	ETV6	0	GM12878	DREME
SPP_short	MAX	2	GM12878	DREME
SPP_short	ZNF143	1	GM12878	DREME
SPP_short	ETS1	2	GM12878	DREME
SPP_short	ZBTB33	0	GM12878	DREME
MOBI	SPI1	4	GM12878	DREME
MOBI	USF2	3	GM12878	DREME
MOBI	ZBED1	3	GM12878	DREME
MOBI	JUNB	3	GM12878	DREME
MOBI	ZSCAN29	3	GM12878	DREME
MOBI	RUNX3	4	GM12878	DREME
MOBI	NR2F1	5	GM12878	DREME
MOBI	BATF	1	GM12878	DREME
MOBI	ELK1	2	GM12878	DREME
MOBI	EBF1	5	GM12878	DREME
MOBI	USF1	2	GM12878	DREME
MOBI	YBX1	0	GM12878	DREME
MOBI	E2F8	3	GM12878	DREME
MOBI	GABPA	4	GM12878	DREME
MOBI	CTCF	3	GM12878	DREME
MOBI	IRF5	2	GM12878	DREME
MOBI	BCL11A	1	GM12878	DREME
MOBI	IRF3	0	GM12878	DREME
MOBI	SP1	1	GM12878	DREME
MOBI	YY1	2	GM12878	DREME
MOBI	PKNOX1	1	GM12878	DREME
MOBI	MEF2A	2	GM12878	DREME
MOBI	KLF5	0	GM12878	DREME
MOBI	JUND	2	GM12878	DREME
MOBI	IRF4	2	GM12878	DREME
MOBI	ZZZ3	0	GM12878	DREME
MOBI	MAFK	5	GM12878	DREME
MOBI	NFATC1	2	GM12878	DREME
MOBI	TCF12	4	GM12878	DREME
MOBI	NFIC	0	GM12878	DREME
MOBI	FOS	1	GM12878	DREME
MOBI	ATF7	2	GM12878	DREME
MOBI	NRF1	4	GM12878	DREME
MOBI	CREM	4	GM12878	DREME
MOBI	NR2C1	3	GM12878	DREME
MOBI	NFATC3	1	GM12878	DREME
MOBI	ZNF384	4	GM12878	DREME
MOBI	RELA	5	GM12878	DREME
MOBI	PAX8	2	GM12878	DREME
MOBI	PAX5	3	GM12878	DREME
MOBI	RFX5	2	GM12878	DREME
MOBI	ELF1	4	GM12878	DREME
MOBI	ATF2	2	GM12878	DREME
MOBI	CUX1	2	GM12878	DREME
MOBI	RXRA	0	GM12878	DREME
MOBI	E2F4	1	GM12878	DREME
MOBI	NR2C2	3	GM12878	DREME
MOBI	SRF	4	GM12878	DREME
MOBI	CEBPB	4	GM12878	DREME
MOBI	BHLHE40	2	GM12878	DREME
MOBI	ESRRA	3	GM12878	DREME
MOBI	TBX21	3	GM12878	DREME
MOBI	TCF7	3	GM12878	DREME
MOBI	MEF2B	0	GM12878	DREME
MOBI	SMAD5	0	GM12878	DREME
MOBI	HSF1	5	GM12878	DREME
MOBI	MEF2C	4	GM12878	DREME
MOBI	ETV6	0	GM12878	DREME
MOBI	MAX	3	GM12878	DREME
MOBI	ZNF143	1	GM12878	DREME
MOBI	ETS1	3	GM12878	DREME
MOBI	ZBTB33	0	GM12878	DREME
SPP	SPI1	2	K562	DREME
SPP	ETS2	0	K562	DREME
SPP	TEAD2	3	K562	DREME
SPP	USF2	3	K562	DREME
SPP	MNT	1	K562	DREME
SPP	ZBED1	1	K562	DREME
SPP	MEF2D	2	K562	DREME
SPP	JUNB	1	K562	DREME
SPP	ZSCAN29	3	K562	DREME
SPP	NR2F1	3	K562	DREME
SPP	THRA	2	K562	DREME
SPP	ELK1	2	K562	DREME
SPP	MGA	1	K562	DREME
SPP	FOXJ2	3	K562	DREME
SPP	E2F7	3	K562	DREME
SPP	USF1	2	K562	DREME
SPP	YBX1	2	K562	DREME
SPP	ZNF274	1	K562	DREME
SPP	E2F8	3	K562	DREME
SPP	GABPA	4	K562	DREME
SPP	CTCF	3	K562	DREME
SPP	ZHX1	1	K562	DREME
SPP	RFX1	3	K562	DREME
SPP	ZBTB2	0	K562	DREME
SPP	E2F1	2	K562	DREME
SPP	DNMT1	0	K562	DREME
SPP	ZNF282	1	K562	DREME
SPP	EGR1	3	K562	DREME
SPP	SP1	4	K562	DREME
SPP	MAFG	2	K562	DREME
SPP	ATF4	1	K562	DREME
SPP	YY1	3	K562	DREME
SPP	NEUROD1	0	K562	DREME
SPP	PKNOX1	0	K562	DREME
SPP	MEF2A	2	K562	DREME
SPP	JUND	2	K562	DREME
SPP	LEF1	2	K562	DREME
SPP	CREB3L1	2	K562	DREME
SPP	NR3C1	0	K562	DREME
SPP	ZZZ3	1	K562	DREME
SPP	MEIS2	1	K562	DREME
SPP	MAFK	3	K562	DREME
SPP	TCF12	1	K562	DREME
SPP	NFIC	3	K562	DREME
SPP	FOS	0	K562	DREME
SPP	ATF7	2	K562	DREME
SPP	KLF13	3	K562	DREME
SPP	GATA1	4	K562	DREME
SPP	MAFF	2	K562	DREME
SPP	NRF1	1	K562	DREME
SPP	CREM	3	K562	DREME
SPP	KLF16	0	K562	DREME
SPP	NR2C1	2	K562	DREME
SPP	KLF1	2	K562	DREME
SPP	NFE2	2	K562	DREME
SPP	NFATC3	0	K562	DREME
SPP	FOSL1	3	K562	DREME
SPP	CEBPG	2	K562	DREME
SPP	ZNF384	2	K562	DREME
SPP	RELA	0	K562	DREME
SPP	SREBF1	2	K562	DREME
SPP	HINFP	2	K562	DREME
SPP	ETV1	3	K562	DREME
SPP	RFX5	2	K562	DREME
SPP	ELF1	2	K562	DREME
SPP	NR2F6	2	K562	DREME
SPP	GATA2	3	K562	DREME
SPP	FOXA1	3	K562	DREME
SPP	IRF9	0	K562	DREME
SPP	ATF2	2	K562	DREME
SPP	ELF4	3	K562	DREME
SPP	CUX1	3	K562	DREME
SPP	ZBTB7A	2	K562	DREME
SPP	POU5F1	1	K562	DREME
SPP	NR2C2	1	K562	DREME
SPP	CEBPB	3	K562	DREME
SPP	NR4A1	1	K562	DREME
SPP	GMEB1	3	K562	DREME
SPP	BHLHE40	2	K562	DREME
SPP	ESRRA	3	K562	DREME
SPP	IRF2	2	K562	DREME
SPP	JUN	2	K562	DREME
SPP	TCF7	3	K562	DREME
SPP	MYBL2	0	K562	DREME
SPP	SMAD5	0	K562	DREME
SPP	HMBOX1	2	K562	DREME
SPP	ZNF740	2	K562	DREME
SPP	ETV6	4	K562	DREME
SPP	CREB3	1	K562	DREME
SPP	MAX	1	K562	DREME
SPP	HES1	1	K562	DREME
SPP	TEAD4	0	K562	DREME
SPP	ZNF263	3	K562	DREME
SPP	ZNF143	2	K562	DREME
SPP	NFE2L1	1	K562	DREME
SPP	ETS1	0	K562	DREME
SPP	ATF3	3	K562	DREME
SPP	ZBTB33	0	K562	DREME
SPP	VEZF1	2	K562	DREME
SPP_short	SPI1	4	K562	DREME
SPP_short	ETS2	0	K562	DREME
SPP_short	TEAD2	2	K562	DREME
SPP_short	USF2	2	K562	DREME
SPP_short	MNT	2	K562	DREME
SPP_short	ZBED1	1	K562	DREME
SPP_short	MEF2D	1	K562	DREME
SPP_short	JUNB	1	K562	DREME
SPP_short	ZSCAN29	4	K562	DREME
SPP_short	NR2F1	5	K562	DREME
SPP_short	THRA	3	K562	DREME
SPP_short	ELK1	4	K562	DREME
SPP_short	MGA	3	K562	DREME
SPP_short	FOXJ2	5	K562	DREME
SPP_short	E2F7	3	K562	DREME
SPP_short	USF1	3	K562	DREME
SPP_short	YBX1	1	K562	DREME
SPP_short	ZNF274	2	K562	DREME
SPP_short	E2F8	3	K562	DREME
SPP_short	GABPA	5	K562	DREME
SPP_short	CTCF	3	K562	DREME
SPP_short	ZHX1	0	K562	DREME
SPP_short	RFX1	3	K562	DREME
SPP_short	ZBTB2	0	K562	DREME
SPP_short	E2F1	2	K562	DREME
SPP_short	DNMT1	1	K562	DREME
SPP_short	ZNF282	1	K562	DREME
SPP_short	EGR1	3	K562	DREME
SPP_short	SP1	3	K562	DREME
SPP_short	MAFG	4	K562	DREME
SPP_short	ATF4	2	K562	DREME
SPP_short	YY1	4	K562	DREME
SPP_short	NEUROD1	0	K562	DREME
SPP_short	PKNOX1	0	K562	DREME
SPP_short	MEF2A	3	K562	DREME
SPP_short	JUND	2	K562	DREME
SPP_short	LEF1	3	K562	DREME
SPP_short	CREB3L1	2	K562	DREME
SPP_short	NR3C1	0	K562	DREME
SPP_short	ZZZ3	0	K562	DREME
SPP_short	MEIS2	1	K562	DREME
SPP_short	MAFK	5	K562	DREME
SPP_short	TCF12	1	K562	DREME
SPP_short	NFIC	5	K562	DREME
SPP_short	FOS	0	K562	DREME
SPP_short	ATF7	2	K562	DREME
SPP_short	KLF13	3	K562	DREME
SPP_short	GATA1	3	K562	DREME
SPP_short	MAFF	3	K562	DREME
SPP_short	NRF1	2	K562	DREME
SPP_short	CREM	4	K562	DREME
SPP_short	KLF16	0	K562	DREME
SPP_short	NR2C1	1	K562	DREME
SPP_short	KLF1	4	K562	DREME
SPP_short	NFE2	2	K562	DREME
SPP_short	NFATC3	1	K562	DREME
SPP_short	FOSL1	3	K562	DREME
SPP_short	CEBPG	3	K562	DREME
SPP_short	ZNF384	2	K562	DREME
SPP_short	RELA	0	K562	DREME
SPP_short	SREBF1	3	K562	DREME
SPP_short	HINFP	0	K562	DREME
SPP_short	ETV1	5	K562	DREME
SPP_short	RFX5	2	K562	DREME
SPP_short	ELF1	3	K562	DREME
SPP_short	NR2F6	4	K562	DREME
SPP_short	GATA2	3	K562	DREME
SPP_short	FOXA1	4	K562	DREME
SPP_short	IRF9	0	K562	DREME
SPP_short	ATF2	3	K562	DREME
SPP_short	ELF4	3	K562	DREME
SPP_short	CUX1	5	K562	DREME
SPP_short	ZBTB7A	1	K562	DREME
SPP_short	POU5F1	1	K562	DREME
SPP_short	NR2C2	1	K562	DREME
SPP_short	CEBPB	5	K562	DREME
SPP_short	NR4A1	1	K562	DREME
SPP_short	GMEB1	3	K562	DREME
SPP_short	BHLHE40	3	K562	DREME
SPP_short	ESRRA	3	K562	DREME
SPP_short	IRF2	2	K562	DREME
SPP_short	JUN	3	K562	DREME
SPP_short	TCF7	2	K562	DREME
SPP_short	MYBL2	1	K562	DREME
SPP_short	SMAD5	0	K562	DREME
SPP_short	HMBOX1	3	K562	DREME
SPP_short	ZNF740	2	K562	DREME
SPP_short	ETV6	5	K562	DREME
SPP_short	CREB3	1	K562	DREME
SPP_short	MAX	3	K562	DREME
SPP_short	HES1	3	K562	DREME
SPP_short	TEAD4	0	K562	DREME
SPP_short	ZNF263	5	K562	DREME
SPP_short	ZNF143	1	K562	DREME
SPP_short	NFE2L1	2	K562	DREME
SPP_short	ETS1	1	K562	DREME
SPP_short	ATF3	4	K562	DREME
SPP_short	ZBTB33	0	K562	DREME
SPP_short	VEZF1	4	K562	DREME
MOBI	SPI1	3	K562	DREME
MOBI	ETS2	0	K562	DREME
MOBI	TEAD2	2	K562	DREME
MOBI	USF2	2	K562	DREME
MOBI	MNT	2	K562	DREME
MOBI	ZBED1	3	K562	DREME
MOBI	MEF2D	4	K562	DREME
MOBI	JUNB	1	K562	DREME
MOBI	ZSCAN29	4	K562	DREME
MOBI	NR2F1	4	K562	DREME
MOBI	THRA	2	K562	DREME
MOBI	ELK1	2	K562	DREME
MOBI	MGA	0	K562	DREME
MOBI	FOXJ2	4	K562	DREME
MOBI	E2F7	3	K562	DREME
MOBI	USF1	2	K562	DREME
MOBI	YBX1	1	K562	DREME
MOBI	ZNF274	2	K562	DREME
MOBI	E2F8	3	K562	DREME
MOBI	GABPA	4	K562	DREME
MOBI	CTCF	3	K562	DREME
MOBI	ZHX1	0	K562	DREME
MOBI	RFX1	3	K562	DREME
MOBI	ZBTB2	0	K562	DREME
MOBI	E2F1	2	K562	DREME
MOBI	DNMT1	0	K562	DREME
MOBI	ZNF282	2	K562	DREME
MOBI	EGR1	5	K562	DREME
MOBI	SP1	3	K562	DREME
MOBI	MAFG	4	K562	DREME
MOBI	ATF4	3	K562	DREME
MOBI	YY1	4	K562	DREME
MOBI	NEUROD1	0	K562	DREME
MOBI	PKNOX1	1	K562	DREME
MOBI	MEF2A	4	K562	DREME
MOBI	JUND	2	K562	DREME
MOBI	LEF1	4	K562	DREME
MOBI	CREB3L1	1	K562	DREME
MOBI	NR3C1	0	K562	DREME
MOBI	ZZZ3	2	K562	DREME
MOBI	MEIS2	1	K562	DREME
MOBI	MAFK	5	K562	DREME
MOBI	TCF12	0	K562	DREME
MOBI	NFIC	5	K562	DREME
MOBI	FOS	0	K562	DREME
MOBI	ATF7	3	K562	DREME
MOBI	KLF13	5	K562	DREME
MOBI	GATA1	5	K562	DREME
MOBI	MAFF	3	K562	DREME
MOBI	NRF1	2	K562	DREME
MOBI	CREM	3	K562	DREME
MOBI	KLF16	0	K562	DREME
MOBI	NR2C1	2	K562	DREME
MOBI	KLF1	5	K562	DREME
MOBI	NFE2	2	K562	DREME
MOBI	NFATC3	0	K562	DREME
MOBI	FOSL1	3	K562	DREME
MOBI	CEBPG	5	K562	DREME
MOBI	ZNF384	1	K562	DREME
MOBI	RELA	0	K562	DREME
MOBI	SREBF1	2	K562	DREME
MOBI	HINFP	2	K562	DREME
MOBI	ETV1	4	K562	DREME
MOBI	RFX5	2	K562	DREME
MOBI	ELF1	3	K562	DREME
MOBI	NR2F6	4	K562	DREME
MOBI	GATA2	4	K562	DREME
MOBI	FOXA1	3	K562	DREME
MOBI	IRF9	0	K562	DREME
MOBI	ATF2	5	K562	DREME
MOBI	ELF4	5	K562	DREME
MOBI	CUX1	5	K562	DREME
MOBI	ZBTB7A	2	K562	DREME
MOBI	POU5F1	1	K562	DREME
MOBI	NR2C2	2	K562	DREME
MOBI	CEBPB	3	K562	DREME
MOBI	NR4A1	0	K562	DREME
MOBI	GMEB1	2	K562	DREME
MOBI	BHLHE40	4	K562	DREME
MOBI	ESRRA	2	K562	DREME
MOBI	IRF2	3	K562	DREME
MOBI	JUN	4	K562	DREME
MOBI	TCF7	4	K562	DREME
MOBI	MYBL2	0	K562	DREME
MOBI	SMAD5	0	K562	DREME
MOBI	HMBOX1	4	K562	DREME
MOBI	ZNF740	4	K562	DREME
MOBI	ETV6	5	K562	DREME
MOBI	CREB3	0	K562	DREME
MOBI	MAX	4	K562	DREME
MOBI	HES1	0	K562	DREME
MOBI	TEAD4	1	K562	DREME
MOBI	ZNF263	5	K562	DREME
MOBI	ZNF143	0	K562	DREME
MOBI	NFE2L1	3	K562	DREME
MOBI	ETS1	1	K562	DREME
MOBI	ATF3	3	K562	DREME
MOBI	ZBTB33	0	K562	DREME
MOBI	VEZF1	3	K562	DREME
SPP	E2F4	1	GM12878	HOMER
SPP	ESRRA	2	GM12878	HOMER
SPP	CTCF	2	GM12878	HOMER
SPP	ZZZ3	0	GM12878	HOMER
SPP	NR2F1	1	GM12878	HOMER
SPP	RELA	2	GM12878	HOMER
SPP	HSF1	3	GM12878	HOMER
SPP	NRF1	3	GM12878	HOMER
SPP	YY1	3	GM12878	HOMER
SPP	IRF4	1	GM12878	HOMER
SPP	NFIC	0	GM12878	HOMER
SPP	SRF	1	GM12878	HOMER
SPP	PAX8	1	GM12878	HOMER
SPP	NR2C1	1	GM12878	HOMER
SPP	USF1	4	GM12878	HOMER
SPP	ZSCAN29	2	GM12878	HOMER
SPP	USF2	1	GM12878	HOMER
SPP	NR2C2	1	GM12878	HOMER
SPP	RFX5	1	GM12878	HOMER
SPP	TBX21	2	GM12878	HOMER
SPP	E2F8	4	GM12878	HOMER
SPP	RUNX3	3	GM12878	HOMER
SPP	BCL11A	0	GM12878	HOMER
SPP	KLF5	0	GM12878	HOMER
SPP	ATF7	1	GM12878	HOMER
SPP	ELK1	3	GM12878	HOMER
SPP	ATF2	1	GM12878	HOMER
SPP	SPI1	2	GM12878	HOMER
SPP	NFATC1	3	GM12878	HOMER
SPP	TCF7	2	GM12878	HOMER
SPP	MAX	4	GM12878	HOMER
SPP	ETV6	1	GM12878	HOMER
SPP	IRF5	0	GM12878	HOMER
SPP	ZNF384	2	GM12878	HOMER
SPP	PKNOX1	0	GM12878	HOMER
SPP	MEF2C	2	GM12878	HOMER
SPP	ELF1	3	GM12878	HOMER
SPP	FOS	0	GM12878	HOMER
SPP	JUND	1	GM12878	HOMER
SPP	BATF	0	GM12878	HOMER
SPP	CREM	2	GM12878	HOMER
SPP	BHLHE40	1	GM12878	HOMER
SPP	CUX1	1	GM12878	HOMER
SPP	EBF1	2	GM12878	HOMER
SPP	ZBED1	1	GM12878	HOMER
SPP	MAFK	3	GM12878	HOMER
SPP	CEBPB	1	GM12878	HOMER
SPP	SMAD5	0	GM12878	HOMER
SPP	NFATC3	1	GM12878	HOMER
SPP	TCF12	1	GM12878	HOMER
SPP	ZNF143	1	GM12878	HOMER
SPP	JUNB	1	GM12878	HOMER
SPP	PAX5	1	GM12878	HOMER
SPP	ETS1	2	GM12878	HOMER
SPP	MEF2A	1	GM12878	HOMER
SPP	RXRA	0	GM12878	HOMER
SPP	MEF2B	0	GM12878	HOMER
SPP	IRF3	0	GM12878	HOMER
SPP	GABPA	2	GM12878	HOMER
SPP	SP1	1	GM12878	HOMER
SPP	ZBTB33	1	GM12878	HOMER
SPP	YBX1	0	GM12878	HOMER
SPP_short	E2F4	1	GM12878	HOMER
SPP_short	ESRRA	2	GM12878	HOMER
SPP_short	CTCF	2	GM12878	HOMER
SPP_short	ZZZ3	0	GM12878	HOMER
SPP_short	NR2F1	4	GM12878	HOMER
SPP_short	RELA	1	GM12878	HOMER
SPP_short	HSF1	4	GM12878	HOMER
SPP_short	NRF1	2	GM12878	HOMER
SPP_short	YY1	2	GM12878	HOMER
SPP_short	IRF4	2	GM12878	HOMER
SPP_short	NFIC	0	GM12878	HOMER
SPP_short	SRF	1	GM12878	HOMER
SPP_short	PAX8	3	GM12878	HOMER
SPP_short	NR2C1	1	GM12878	HOMER
SPP_short	USF1	1	GM12878	HOMER
SPP_short	ZSCAN29	3	GM12878	HOMER
SPP_short	USF2	2	GM12878	HOMER
SPP_short	NR2C2	1	GM12878	HOMER
SPP_short	RFX5	1	GM12878	HOMER
SPP_short	TBX21	2	GM12878	HOMER
SPP_short	E2F8	2	GM12878	HOMER
SPP_short	RUNX3	1	GM12878	HOMER
SPP_short	BCL11A	2	GM12878	HOMER
SPP_short	KLF5	0	GM12878	HOMER
SPP_short	ATF7	2	GM12878	HOMER
SPP_short	ELK1	1	GM12878	HOMER
SPP_short	ATF2	2	GM12878	HOMER
SPP_short	SPI1	1	GM12878	HOMER
SPP_short	NFATC1	1	GM12878	HOMER
SPP_short	TCF7	2	GM12878	HOMER
SPP_short	MAX	1	GM12878	HOMER
SPP_short	ETV6	0	GM12878	HOMER
SPP_short	IRF5	0	GM12878	HOMER
SPP_short	ZNF384	2	GM12878	HOMER
SPP_short	PKNOX1	0	GM12878	HOMER
SPP_short	MEF2C	1	GM12878	HOMER
SPP_short	ELF1	2	GM12878	HOMER
SPP_short	FOS	0	GM12878	HOMER
SPP_short	JUND	2	GM12878	HOMER
SPP_short	BATF	4	GM12878	HOMER
SPP_short	CREM	1	GM12878	HOMER
SPP_short	BHLHE40	2	GM12878	HOMER
SPP_short	CUX1	2	GM12878	HOMER
SPP_short	EBF1	3	GM12878	HOMER
SPP_short	ZBED1	1	GM12878	HOMER
SPP_short	MAFK	3	GM12878	HOMER
SPP_short	CEBPB	4	GM12878	HOMER
SPP_short	SMAD5	0	GM12878	HOMER
SPP_short	NFATC3	1	GM12878	HOMER
SPP_short	TCF12	1	GM12878	HOMER
SPP_short	ZNF143	1	GM12878	HOMER
SPP_short	JUNB	2	GM12878	HOMER
SPP_short	PAX5	3	GM12878	HOMER
SPP_short	ETS1	2	GM12878	HOMER
SPP_short	MEF2A	2	GM12878	HOMER
SPP_short	RXRA	0	GM12878	HOMER
SPP_short	MEF2B	1	GM12878	HOMER
SPP_short	IRF3	0	GM12878	HOMER
SPP_short	GABPA	3	GM12878	HOMER
SPP_short	SP1	0	GM12878	HOMER
SPP_short	ZBTB33	0	GM12878	HOMER
SPP_short	YBX1	0	GM12878	HOMER
MOBI	E2F4	0	GM12878	HOMER
MOBI	ESRRA	2	GM12878	HOMER
MOBI	CTCF	2	GM12878	HOMER
MOBI	ZZZ3	0	GM12878	HOMER
MOBI	NR2F1	4	GM12878	HOMER
MOBI	RELA	2	GM12878	HOMER
MOBI	HSF1	3	GM12878	HOMER
MOBI	NRF1	2	GM12878	HOMER
MOBI	YY1	2	GM12878	HOMER
MOBI	IRF4	1	GM12878	HOMER
MOBI	NFIC	0	GM12878	HOMER
MOBI	SRF	1	GM12878	HOMER
MOBI	PAX8	2	GM12878	HOMER
MOBI	NR2C1	2	GM12878	HOMER
MOBI	USF1	1	GM12878	HOMER
MOBI	ZSCAN29	3	GM12878	HOMER
MOBI	USF2	3	GM12878	HOMER
MOBI	NR2C2	1	GM12878	HOMER
MOBI	RFX5	1	GM12878	HOMER
MOBI	TBX21	2	GM12878	HOMER
MOBI	E2F8	4	GM12878	HOMER
MOBI	RUNX3	1	GM12878	HOMER
MOBI	BCL11A	0	GM12878	HOMER
MOBI	KLF5	0	GM12878	HOMER
MOBI	ATF7	1	GM12878	HOMER
MOBI	ELK1	1	GM12878	HOMER
MOBI	ATF2	1	GM12878	HOMER
MOBI	SPI1	1	GM12878	HOMER
MOBI	NFATC1	1	GM12878	HOMER
MOBI	TCF7	2	GM12878	HOMER
MOBI	MAX	2	GM12878	HOMER
MOBI	ETV6	1	GM12878	HOMER
MOBI	IRF5	0	GM12878	HOMER
MOBI	ZNF384	0	GM12878	HOMER
MOBI	PKNOX1	1	GM12878	HOMER
MOBI	MEF2C	2	GM12878	HOMER
MOBI	ELF1	4	GM12878	HOMER
MOBI	FOS	0	GM12878	HOMER
MOBI	JUND	1	GM12878	HOMER
MOBI	BATF	1	GM12878	HOMER
MOBI	CREM	3	GM12878	HOMER
MOBI	BHLHE40	3	GM12878	HOMER
MOBI	CUX1	1	GM12878	HOMER
MOBI	EBF1	2	GM12878	HOMER
MOBI	ZBED1	1	GM12878	HOMER
MOBI	MAFK	3	GM12878	HOMER
MOBI	CEBPB	2	GM12878	HOMER
MOBI	SMAD5	1	GM12878	HOMER
MOBI	NFATC3	1	GM12878	HOMER
MOBI	TCF12	1	GM12878	HOMER
MOBI	ZNF143	2	GM12878	HOMER
MOBI	JUNB	2	GM12878	HOMER
MOBI	PAX5	2	GM12878	HOMER
MOBI	ETS1	4	GM12878	HOMER
MOBI	MEF2A	2	GM12878	HOMER
MOBI	RXRA	1	GM12878	HOMER
MOBI	MEF2B	1	GM12878	HOMER
MOBI	IRF3	0	GM12878	HOMER
MOBI	GABPA	3	GM12878	HOMER
MOBI	SP1	1	GM12878	HOMER
MOBI	ZBTB33	0	GM12878	HOMER
MOBI	YBX1	1	GM12878	HOMER
SPP	MEF2D	1	K562	HOMER
SPP	ZHX1	1	K562	HOMER
SPP	ESRRA	2	K562	HOMER
SPP	CREB3	1	K562	HOMER
SPP	CTCF	2	K562	HOMER
SPP	HMBOX1	2	K562	HOMER
SPP	MAFG	1	K562	HOMER
SPP	ZZZ3	0	K562	HOMER
SPP	ETS2	1	K562	HOMER
SPP	NR2F1	3	K562	HOMER
SPP	EGR1	3	K562	HOMER
SPP	RELA	1	K562	HOMER
SPP	NR4A1	1	K562	HOMER
SPP	NRF1	3	K562	HOMER
SPP	YY1	2	K562	HOMER
SPP	MYBL2	1	K562	HOMER
SPP	ZNF263	3	K562	HOMER
SPP	MGA	1	K562	HOMER
SPP	E2F1	2	K562	HOMER
SPP	NFE2L1	2	K562	HOMER
SPP	NR3C1	1	K562	HOMER
SPP	NFIC	2	K562	HOMER
SPP	ATF4	1	K562	HOMER
SPP	VEZF1	0	K562	HOMER
SPP	ZBTB2	1	K562	HOMER
SPP	ZBTB7A	1	K562	HOMER
SPP	NFE2	1	K562	HOMER
SPP	NR2C1	1	K562	HOMER
SPP	ZNF274	2	K562	HOMER
SPP	USF1	1	K562	HOMER
SPP	FOSL1	1	K562	HOMER
SPP	ZSCAN29	2	K562	HOMER
SPP	USF2	2	K562	HOMER
SPP	NR2C2	1	K562	HOMER
SPP	ZNF282	1	K562	HOMER
SPP	RFX5	1	K562	HOMER
SPP	E2F8	4	K562	HOMER
SPP	CEBPG	3	K562	HOMER
SPP	MEIS2	1	K562	HOMER
SPP	HINFP	3	K562	HOMER
SPP	IRF2	2	K562	HOMER
SPP	ATF7	1	K562	HOMER
SPP	MAFF	4	K562	HOMER
SPP	ELK1	1	K562	HOMER
SPP	ATF2	1	K562	HOMER
SPP	E2F7	4	K562	HOMER
SPP	KLF13	2	K562	HOMER
SPP	ATF3	2	K562	HOMER
SPP	RFX1	1	K562	HOMER
SPP	SPI1	3	K562	HOMER
SPP	TEAD2	2	K562	HOMER
SPP	POU5F1	2	K562	HOMER
SPP	TCF7	1	K562	HOMER
SPP	MAX	3	K562	HOMER
SPP	ZNF740	2	K562	HOMER
SPP	ETV6	4	K562	HOMER
SPP	MNT	1	K562	HOMER
SPP	FOXJ2	2	K562	HOMER
SPP	ZNF384	1	K562	HOMER
SPP	PKNOX1	0	K562	HOMER
SPP	DNMT1	0	K562	HOMER
SPP	ELF1	3	K562	HOMER
SPP	FOS	0	K562	HOMER
SPP	IRF9	1	K562	HOMER
SPP	JUND	1	K562	HOMER
SPP	CREM	2	K562	HOMER
SPP	KLF1	3	K562	HOMER
SPP	BHLHE40	2	K562	HOMER
SPP	THRA	2	K562	HOMER
SPP	NR2F6	2	K562	HOMER
SPP	KLF16	1	K562	HOMER
SPP	CUX1	1	K562	HOMER
SPP	ZBED1	1	K562	HOMER
SPP	MAFK	2	K562	HOMER
SPP	CEBPB	2	K562	HOMER
SPP	ETV1	2	K562	HOMER
SPP	NEUROD1	1	K562	HOMER
SPP	SMAD5	0	K562	HOMER
SPP	NFATC3	0	K562	HOMER
SPP	GMEB1	2	K562	HOMER
SPP	TCF12	1	K562	HOMER
SPP	ZNF143	2	K562	HOMER
SPP	JUNB	1	K562	HOMER
SPP	ETS1	2	K562	HOMER
SPP	FOXA1	2	K562	HOMER
SPP	JUN	3	K562	HOMER
SPP	GATA1	2	K562	HOMER
SPP	GATA2	1	K562	HOMER
SPP	MEF2A	3	K562	HOMER
SPP	HES1	0	K562	HOMER
SPP	TEAD4	0	K562	HOMER
SPP	SREBF1	2	K562	HOMER
SPP	GABPA	4	K562	HOMER
SPP	SP1	3	K562	HOMER
SPP	ELF4	3	K562	HOMER
SPP	CREB3L1	1	K562	HOMER
SPP	LEF1	2	K562	HOMER
SPP	ZBTB33	0	K562	HOMER
SPP	YBX1	1	K562	HOMER
SPP_short	MEF2D	1	K562	HOMER
SPP_short	ZHX1	0	K562	HOMER
SPP_short	ESRRA	3	K562	HOMER
SPP_short	CREB3	1	K562	HOMER
SPP_short	CTCF	2	K562	HOMER
SPP_short	HMBOX1	1	K562	HOMER
SPP_short	MAFG	3	K562	HOMER
SPP_short	ZZZ3	1	K562	HOMER
SPP_short	ETS2	0	K562	HOMER
SPP_short	NR2F1	3	K562	HOMER
SPP_short	EGR1	3	K562	HOMER
SPP_short	RELA	0	K562	HOMER
SPP_short	NR4A1	1	K562	HOMER
SPP_short	NRF1	3	K562	HOMER
SPP_short	YY1	3	K562	HOMER
SPP_short	MYBL2	1	K562	HOMER
SPP_short	ZNF263	3	K562	HOMER
SPP_short	MGA	1	K562	HOMER
SPP_short	E2F1	2	K562	HOMER
SPP_short	NFE2L1	1	K562	HOMER
SPP_short	NR3C1	0	K562	HOMER
SPP_short	NFIC	2	K562	HOMER
SPP_short	ATF4	1	K562	HOMER
SPP_short	VEZF1	0	K562	HOMER
SPP_short	ZBTB2	0	K562	HOMER
SPP_short	ZBTB7A	1	K562	HOMER
SPP_short	NFE2	1	K562	HOMER
SPP_short	NR2C1	1	K562	HOMER
SPP_short	ZNF274	1	K562	HOMER
SPP_short	USF1	2	K562	HOMER
SPP_short	FOSL1	1	K562	HOMER
SPP_short	ZSCAN29	2	K562	HOMER
SPP_short	USF2	1	K562	HOMER
SPP_short	NR2C2	1	K562	HOMER
SPP_short	ZNF282	1	K562	HOMER
SPP_short	RFX5	1	K562	HOMER
SPP_short	E2F8	2	K562	HOMER
SPP_short	CEBPG	2	K562	HOMER
SPP_short	MEIS2	2	K562	HOMER
SPP_short	HINFP	1	K562	HOMER
SPP_short	IRF2	2	K562	HOMER
SPP_short	ATF7	1	K562	HOMER
SPP_short	MAFF	3	K562	HOMER
SPP_short	ELK1	2	K562	HOMER
SPP_short	ATF2	2	K562	HOMER
SPP_short	E2F7	2	K562	HOMER
SPP_short	KLF13	2	K562	HOMER
SPP_short	ATF3	3	K562	HOMER
SPP_short	RFX1	1	K562	HOMER
SPP_short	SPI1	2	K562	HOMER
SPP_short	TEAD2	1	K562	HOMER
SPP_short	POU5F1	1	K562	HOMER
SPP_short	TCF7	1	K562	HOMER
SPP_short	MAX	2	K562	HOMER
SPP_short	ZNF740	1	K562	HOMER
SPP_short	ETV6	2	K562	HOMER
SPP_short	MNT	1	K562	HOMER
SPP_short	FOXJ2	1	K562	HOMER
SPP_short	ZNF384	2	K562	HOMER
SPP_short	PKNOX1	1	K562	HOMER
SPP_short	DNMT1	0	K562	HOMER
SPP_short	ELF1	3	K562	HOMER
SPP_short	FOS	0	K562	HOMER
SPP_short	IRF9	0	K562	HOMER
SPP_short	JUND	2	K562	HOMER
SPP_short	CREM	1	K562	HOMER
SPP_short	KLF1	1	K562	HOMER
SPP_short	BHLHE40	2	K562	HOMER
SPP_short	THRA	3	K562	HOMER
SPP_short	NR2F6	3	K562	HOMER
SPP_short	KLF16	0	K562	HOMER
SPP_short	CUX1	1	K562	HOMER
SPP_short	ZBED1	1	K562	HOMER
SPP_short	MAFK	3	K562	HOMER
SPP_short	CEBPB	1	K562	HOMER
SPP_short	ETV1	3	K562	HOMER
SPP_short	NEUROD1	0	K562	HOMER
SPP_short	SMAD5	0	K562	HOMER
SPP_short	NFATC3	0	K562	HOMER
SPP_short	GMEB1	3	K562	HOMER
SPP_short	TCF12	1	K562	HOMER
SPP_short	ZNF143	2	K562	HOMER
SPP_short	JUNB	1	K562	HOMER
SPP_short	ETS1	1	K562	HOMER
SPP_short	FOXA1	3	K562	HOMER
SPP_short	JUN	2	K562	HOMER
SPP_short	GATA1	2	K562	HOMER
SPP_short	GATA2	3	K562	HOMER
SPP_short	MEF2A	2	K562	HOMER
SPP_short	HES1	2	K562	HOMER
SPP_short	TEAD4	0	K562	HOMER
SPP_short	SREBF1	2	K562	HOMER
SPP_short	GABPA	3	K562	HOMER
SPP_short	SP1	1	K562	HOMER
SPP_short	ELF4	3	K562	HOMER
SPP_short	CREB3L1	3	K562	HOMER
SPP_short	LEF1	3	K562	HOMER
SPP_short	ZBTB33	1	K562	HOMER
SPP_short	YBX1	1	K562	HOMER
MOBI	MEF2D	1	K562	HOMER
MOBI	ZHX1	0	K562	HOMER
MOBI	ESRRA	3	K562	HOMER
MOBI	CREB3	1	K562	HOMER
MOBI	CTCF	2	K562	HOMER
MOBI	HMBOX1	2	K562	HOMER
MOBI	MAFG	4	K562	HOMER
MOBI	ZZZ3	0	K562	HOMER
MOBI	ETS2	0	K562	HOMER
MOBI	NR2F1	2	K562	HOMER
MOBI	EGR1	5	K562	HOMER
MOBI	RELA	0	K562	HOMER
MOBI	NR4A1	0	K562	HOMER
MOBI	NRF1	1	K562	HOMER
MOBI	YY1	2	K562	HOMER
MOBI	MYBL2	2	K562	HOMER
MOBI	ZNF263	2	K562	HOMER
MOBI	MGA	0	K562	HOMER
MOBI	E2F1	1	K562	HOMER
MOBI	NFE2L1	1	K562	HOMER
MOBI	NR3C1	0	K562	HOMER
MOBI	NFIC	2	K562	HOMER
MOBI	ATF4	1	K562	HOMER
MOBI	VEZF1	1	K562	HOMER
MOBI	ZBTB2	0	K562	HOMER
MOBI	ZBTB7A	2	K562	HOMER
MOBI	NFE2	3	K562	HOMER
MOBI	NR2C1	2	K562	HOMER
MOBI	ZNF274	1	K562	HOMER
MOBI	USF1	2	K562	HOMER
MOBI	FOSL1	2	K562	HOMER
MOBI	ZSCAN29	2	K562	HOMER
MOBI	USF2	2	K562	HOMER
MOBI	NR2C2	1	K562	HOMER
MOBI	ZNF282	2	K562	HOMER
MOBI	RFX5	2	K562	HOMER
MOBI	E2F8	2	K562	HOMER
MOBI	CEBPG	3	K562	HOMER
MOBI	MEIS2	2	K562	HOMER
MOBI	HINFP	1	K562	HOMER
MOBI	IRF2	4	K562	HOMER
MOBI	ATF7	1	K562	HOMER
MOBI	MAFF	2	K562	HOMER
MOBI	ELK1	2	K562	HOMER
MOBI	ATF2	2	K562	HOMER
MOBI	E2F7	2	K562	HOMER
MOBI	KLF13	2	K562	HOMER
MOBI	ATF3	3	K562	HOMER
MOBI	RFX1	2	K562	HOMER
MOBI	SPI1	2	K562	HOMER
MOBI	TEAD2	2	K562	HOMER
MOBI	POU5F1	1	K562	HOMER
MOBI	TCF7	2	K562	HOMER
MOBI	MAX	4	K562	HOMER
MOBI	ZNF740	1	K562	HOMER
MOBI	ETV6	2	K562	HOMER
MOBI	MNT	1	K562	HOMER
MOBI	FOXJ2	1	K562	HOMER
MOBI	ZNF384	0	K562	HOMER
MOBI	PKNOX1	1	K562	HOMER
MOBI	DNMT1	0	K562	HOMER
MOBI	ELF1	1	K562	HOMER
MOBI	FOS	0	K562	HOMER
MOBI	IRF9	0	K562	HOMER
MOBI	JUND	2	K562	HOMER
MOBI	CREM	2	K562	HOMER
MOBI	KLF1	1	K562	HOMER
MOBI	BHLHE40	1	K562	HOMER
MOBI	THRA	2	K562	HOMER
MOBI	NR2F6	2	K562	HOMER
MOBI	KLF16	0	K562	HOMER
MOBI	CUX1	2	K562	HOMER
MOBI	ZBED1	2	K562	HOMER
MOBI	MAFK	4	K562	HOMER
MOBI	CEBPB	3	K562	HOMER
MOBI	ETV1	2	K562	HOMER
MOBI	NEUROD1	0	K562	HOMER
MOBI	SMAD5	0	K562	HOMER
MOBI	NFATC3	1	K562	HOMER
MOBI	GMEB1	3	K562	HOMER
MOBI	TCF12	1	K562	HOMER
MOBI	ZNF143	1	K562	HOMER
MOBI	JUNB	1	K562	HOMER
MOBI	ETS1	1	K562	HOMER
MOBI	FOXA1	3	K562	HOMER
MOBI	JUN	3	K562	HOMER
MOBI	GATA1	2	K562	HOMER
MOBI	GATA2	3	K562	HOMER
MOBI	MEF2A	2	K562	HOMER
MOBI	HES1	2	K562	HOMER
MOBI	TEAD4	1	K562	HOMER
MOBI	SREBF1	3	K562	HOMER
MOBI	GABPA	4	K562	HOMER
MOBI	SP1	3	K562	HOMER
MOBI	ELF4	1	K562	HOMER
MOBI	CREB3L1	1	K562	HOMER
MOBI	LEF1	2	K562	HOMER
MOBI	ZBTB33	0	K562	HOMER
MOBI	YBX1	1	K562	HOMER
SPP	E2F8	2	GM12878	MEME
SPP	SPI1	3	GM12878	MEME
SPP	ZBED1	1	GM12878	MEME
SPP	E2F4	2	GM12878	MEME
SPP	IRF3	0	GM12878	MEME
SPP	USF1	2	GM12878	MEME
SPP	JUND	2	GM12878	MEME
SPP	HSF1	2	GM12878	MEME
SPP	NFATC3	1	GM12878	MEME
SPP	TCF7	4	GM12878	MEME
SPP	ETS1	3	GM12878	MEME
SPP	YY1	3	GM12878	MEME
SPP	CEBPB	1	GM12878	MEME
SPP	MEF2B	2	GM12878	MEME
SPP	TBX21	3	GM12878	MEME
SPP	NR2C2	2	GM12878	MEME
SPP	NR2C1	1	GM12878	MEME
SPP	ZSCAN29	2	GM12878	MEME
SPP	CREM	3	GM12878	MEME
SPP	PAX5	1	GM12878	MEME
SPP	BHLHE40	1	GM12878	MEME
SPP	ZZZ3	0	GM12878	MEME
SPP	NFATC1	2	GM12878	MEME
SPP	SP1	2	GM12878	MEME
SPP	IRF5	1	GM12878	MEME
SPP	BCL11A	0	GM12878	MEME
SPP	ZNF384	3	GM12878	MEME
SPP	ETV6	1	GM12878	MEME
SPP	RUNX3	2	GM12878	MEME
SPP	FOS	0	GM12878	MEME
SPP	EBF1	2	GM12878	MEME
SPP	IRF4	2	GM12878	MEME
SPP	ELK1	2	GM12878	MEME
SPP	JUNB	2	GM12878	MEME
SPP	RXRA	0	GM12878	MEME
SPP	NR2F1	2	GM12878	MEME
SPP	MAFK	3	GM12878	MEME
SPP	BATF	3	GM12878	MEME
SPP	ZBTB33	1	GM12878	MEME
SPP	PKNOX1	0	GM12878	MEME
SPP	CTCF	3	GM12878	MEME
SPP	USF2	2	GM12878	MEME
SPP	ELF1	2	GM12878	MEME
SPP	ATF2	2	GM12878	MEME
SPP	RFX5	2	GM12878	MEME
SPP	YBX1	0	GM12878	MEME
SPP	KLF5	0	GM12878	MEME
SPP	CUX1	0	GM12878	MEME
SPP	MEF2A	2	GM12878	MEME
SPP	NFIC	0	GM12878	MEME
SPP	SRF	1	GM12878	MEME
SPP	ZNF143	2	GM12878	MEME
SPP	ATF7	1	GM12878	MEME
SPP	TCF12	1	GM12878	MEME
SPP	NRF1	2	GM12878	MEME
SPP	PAX8	0	GM12878	MEME
SPP	SMAD5	0	GM12878	MEME
SPP	RELA	2	GM12878	MEME
SPP	MAX	3	GM12878	MEME
SPP	ESRRA	3	GM12878	MEME
SPP	GABPA	2	GM12878	MEME
SPP	MEF2C	2	GM12878	MEME
SPP_short	E2F8	2	GM12878	MEME
SPP_short	SPI1	3	GM12878	MEME
SPP_short	ZBED1	1	GM12878	MEME
SPP_short	E2F4	2	GM12878	MEME
SPP_short	IRF3	1	GM12878	MEME
SPP_short	USF1	2	GM12878	MEME
SPP_short	JUND	2	GM12878	MEME
SPP_short	HSF1	4	GM12878	MEME
SPP_short	NFATC3	0	GM12878	MEME
SPP_short	TCF7	4	GM12878	MEME
SPP_short	ETS1	2	GM12878	MEME
SPP_short	YY1	4	GM12878	MEME
SPP_short	CEBPB	1	GM12878	MEME
SPP_short	MEF2B	0	GM12878	MEME
SPP_short	TBX21	3	GM12878	MEME
SPP_short	NR2C2	2	GM12878	MEME
SPP_short	NR2C1	2	GM12878	MEME
SPP_short	ZSCAN29	2	GM12878	MEME
SPP_short	CREM	1	GM12878	MEME
SPP_short	PAX5	4	GM12878	MEME
SPP_short	BHLHE40	1	GM12878	MEME
SPP_short	ZZZ3	0	GM12878	MEME
SPP_short	NFATC1	2	GM12878	MEME
SPP_short	SP1	0	GM12878	MEME
SPP_short	IRF5	0	GM12878	MEME
SPP_short	BCL11A	0	GM12878	MEME
SPP_short	ZNF384	3	GM12878	MEME
SPP_short	ETV6	4	GM12878	MEME
SPP_short	RUNX3	3	GM12878	MEME
SPP_short	FOS	1	GM12878	MEME
SPP_short	EBF1	2	GM12878	MEME
SPP_short	IRF4	2	GM12878	MEME
SPP_short	ELK1	2	GM12878	MEME
SPP_short	JUNB	1	GM12878	MEME
SPP_short	RXRA	1	GM12878	MEME
SPP_short	NR2F1	4	GM12878	MEME
SPP_short	MAFK	4	GM12878	MEME
SPP_short	BATF	1	GM12878	MEME
SPP_short	ZBTB33	0	GM12878	MEME
SPP_short	PKNOX1	0	GM12878	MEME
SPP_short	CTCF	3	GM12878	MEME
SPP_short	USF2	3	GM12878	MEME
SPP_short	ELF1	3	GM12878	MEME
SPP_short	ATF2	1	GM12878	MEME
SPP_short	RFX5	2	GM12878	MEME
SPP_short	YBX1	0	GM12878	MEME
SPP_short	KLF5	0	GM12878	MEME
SPP_short	CUX1	2	GM12878	MEME
SPP_short	MEF2A	2	GM12878	MEME
SPP_short	NFIC	0	GM12878	MEME
SPP_short	SRF	1	GM12878	MEME
SPP_short	ZNF143	1	GM12878	MEME
SPP_short	ATF7	1	GM12878	MEME
SPP_short	TCF12	1	GM12878	MEME
SPP_short	NRF1	2	GM12878	MEME
SPP_short	PAX8	2	GM12878	MEME
SPP_short	SMAD5	0	GM12878	MEME
SPP_short	RELA	2	GM12878	MEME
SPP_short	MAX	2	GM12878	MEME
SPP_short	ESRRA	2	GM12878	MEME
SPP_short	GABPA	2	GM12878	MEME
SPP_short	MEF2C	2	GM12878	MEME
MOBI	E2F8	2	GM12878	MEME
MOBI	SPI1	3	GM12878	MEME
MOBI	ZBED1	1	GM12878	MEME
MOBI	E2F4	0	GM12878	MEME
MOBI	IRF3	0	GM12878	MEME
MOBI	USF1	1	GM12878	MEME
MOBI	JUND	2	GM12878	MEME
MOBI	HSF1	4	GM12878	MEME
MOBI	NFATC3	0	GM12878	MEME
MOBI	TCF7	3	GM12878	MEME
MOBI	ETS1	3	GM12878	MEME
MOBI	YY1	4	GM12878	MEME
MOBI	CEBPB	2	GM12878	MEME
MOBI	MEF2B	1	GM12878	MEME
MOBI	TBX21	3	GM12878	MEME
MOBI	NR2C2	2	GM12878	MEME
MOBI	NR2C1	1	GM12878	MEME
MOBI	ZSCAN29	2	GM12878	MEME
MOBI	CREM	2	GM12878	MEME
MOBI	PAX5	3	GM12878	MEME
MOBI	BHLHE40	1	GM12878	MEME
MOBI	ZZZ3	0	GM12878	MEME
MOBI	NFATC1	2	GM12878	MEME
MOBI	SP1	1	GM12878	MEME
MOBI	IRF5	1	GM12878	MEME
MOBI	BCL11A	0	GM12878	MEME
MOBI	ZNF384	2	GM12878	MEME
MOBI	ETV6	1	GM12878	MEME
MOBI	RUNX3	3	GM12878	MEME
MOBI	FOS	1	GM12878	MEME
MOBI	EBF1	2	GM12878	MEME
MOBI	IRF4	1	GM12878	MEME
MOBI	ELK1	2	GM12878	MEME
MOBI	JUNB	2	GM12878	MEME
MOBI	RXRA	0	GM12878	MEME
MOBI	NR2F1	2	GM12878	MEME
MOBI	MAFK	2	GM12878	MEME
MOBI	BATF	3	GM12878	MEME
MOBI	ZBTB33	0	GM12878	MEME
MOBI	PKNOX1	0	GM12878	MEME
MOBI	CTCF	1	GM12878	MEME
MOBI	USF2	2	GM12878	MEME
MOBI	ELF1	2	GM12878	MEME
MOBI	ATF2	1	GM12878	MEME
MOBI	RFX5	2	GM12878	MEME
MOBI	YBX1	0	GM12878	MEME
MOBI	KLF5	0	GM12878	MEME
MOBI	CUX1	1	GM12878	MEME
MOBI	MEF2A	2	GM12878	MEME
MOBI	NFIC	0	GM12878	MEME
MOBI	SRF	1	GM12878	MEME
MOBI	ZNF143	0	GM12878	MEME
MOBI	ATF7	1	GM12878	MEME
MOBI	TCF12	1	GM12878	MEME
MOBI	NRF1	2	GM12878	MEME
MOBI	PAX8	2	GM12878	MEME
MOBI	SMAD5	0	GM12878	MEME
MOBI	RELA	3	GM12878	MEME
MOBI	MAX	1	GM12878	MEME
MOBI	ESRRA	2	GM12878	MEME
MOBI	GABPA	4	GM12878	MEME
MOBI	MEF2C	2	GM12878	MEME
SPP	THRA	2	K562	MEME
SPP	E2F8	2	K562	MEME
SPP	SPI1	3	K562	MEME
SPP	ZBED1	1	K562	MEME
SPP	ATF4	2	K562	MEME
SPP	ZBTB7A	1	K562	MEME
SPP	CREB3	0	K562	MEME
SPP	USF1	2	K562	MEME
SPP	JUND	3	K562	MEME
SPP	VEZF1	3	K562	MEME
SPP	POU5F1	1	K562	MEME
SPP	NFATC3	0	K562	MEME
SPP	TCF7	2	K562	MEME
SPP	ETS1	1	K562	MEME
SPP	YY1	3	K562	MEME
SPP	JUN	3	K562	MEME
SPP	HES1	0	K562	MEME
SPP	CEBPB	2	K562	MEME
SPP	MEF2D	2	K562	MEME
SPP	ZNF263	5	K562	MEME
SPP	IRF2	3	K562	MEME
SPP	NR2C2	0	K562	MEME
SPP	NR2C1	1	K562	MEME
SPP	ZSCAN29	3	K562	MEME
SPP	MGA	1	K562	MEME
SPP	E2F1	3	K562	MEME
SPP	CREM	3	K562	MEME
SPP	BHLHE40	2	K562	MEME
SPP	GATA1	2	K562	MEME
SPP	SREBF1	2	K562	MEME
SPP	RFX1	2	K562	MEME
SPP	ZHX1	0	K562	MEME
SPP	ZZZ3	1	K562	MEME
SPP	KLF13	5	K562	MEME
SPP	KLF1	4	K562	MEME
SPP	SP1	2	K562	MEME
SPP	FOXJ2	2	K562	MEME
SPP	TEAD2	1	K562	MEME
SPP	ZNF384	2	K562	MEME
SPP	ETV6	5	K562	MEME
SPP	NR3C1	0	K562	MEME
SPP	FOS	0	K562	MEME
SPP	IRF9	0	K562	MEME
SPP	CREB3L1	2	K562	MEME
SPP	NR2F6	2	K562	MEME
SPP	ATF3	4	K562	MEME
SPP	HMBOX1	1	K562	MEME
SPP	ELK1	2	K562	MEME
SPP	JUNB	2	K562	MEME
SPP	EGR1	3	K562	MEME
SPP	NR2F1	3	K562	MEME
SPP	E2F7	3	K562	MEME
SPP	MAFK	2	K562	MEME
SPP	NFE2L1	2	K562	MEME
SPP	MAFF	2	K562	MEME
SPP	MEIS2	0	K562	MEME
SPP	GATA2	2	K562	MEME
SPP	ZBTB33	0	K562	MEME
SPP	NEUROD1	0	K562	MEME
SPP	ZNF740	2	K562	MEME
SPP	PKNOX1	0	K562	MEME
SPP	CTCF	2	K562	MEME
SPP	MNT	2	K562	MEME
SPP	USF2	2	K562	MEME
SPP	HINFP	1	K562	MEME
SPP	ELF1	3	K562	MEME
SPP	ZNF282	1	K562	MEME
SPP	FOXA1	3	K562	MEME
SPP	ATF2	1	K562	MEME
SPP	RFX5	2	K562	MEME
SPP	GMEB1	2	K562	MEME
SPP	YBX1	1	K562	MEME
SPP	CUX1	1	K562	MEME
SPP	MEF2A	2	K562	MEME
SPP	FOSL1	2	K562	MEME
SPP	ETV1	2	K562	MEME
SPP	ZBTB2	1	K562	MEME
SPP	LEF1	2	K562	MEME
SPP	NFIC	2	K562	MEME
SPP	DNMT1	0	K562	MEME
SPP	ZNF143	2	K562	MEME
SPP	ATF7	1	K562	MEME
SPP	TCF12	1	K562	MEME
SPP	NRF1	3	K562	MEME
SPP	ETS2	0	K562	MEME
SPP	SMAD5	0	K562	MEME
SPP	RELA	0	K562	MEME
SPP	MAX	3	K562	MEME
SPP	ELF4	3	K562	MEME
SPP	KLF16	0	K562	MEME
SPP	TEAD4	0	K562	MEME
SPP	CEBPG	2	K562	MEME
SPP	ZNF274	4	K562	MEME
SPP	MAFG	4	K562	MEME
SPP	NFE2	2	K562	MEME
SPP	ESRRA	2	K562	MEME
SPP	NR4A1	1	K562	MEME
SPP	MYBL2	0	K562	MEME
SPP	GABPA	5	K562	MEME
SPP_short	THRA	3	K562	MEME
SPP_short	E2F8	2	K562	MEME
SPP_short	SPI1	2	K562	MEME
SPP_short	ZBED1	1	K562	MEME
SPP_short	ATF4	2	K562	MEME
SPP_short	ZBTB7A	3	K562	MEME
SPP_short	CREB3	0	K562	MEME
SPP_short	USF1	2	K562	MEME
SPP_short	JUND	3	K562	MEME
SPP_short	VEZF1	2	K562	MEME
SPP_short	POU5F1	1	K562	MEME
SPP_short	NFATC3	1	K562	MEME
SPP_short	TCF7	2	K562	MEME
SPP_short	ETS1	2	K562	MEME
SPP_short	YY1	4	K562	MEME
SPP_short	JUN	3	K562	MEME
SPP_short	HES1	1	K562	MEME
SPP_short	CEBPB	1	K562	MEME
SPP_short	MEF2D	2	K562	MEME
SPP_short	ZNF263	4	K562	MEME
SPP_short	IRF2	4	K562	MEME
SPP_short	NR2C2	1	K562	MEME
SPP_short	NR2C1	2	K562	MEME
SPP_short	ZSCAN29	3	K562	MEME
SPP_short	MGA	2	K562	MEME
SPP_short	E2F1	2	K562	MEME
SPP_short	CREM	2	K562	MEME
SPP_short	BHLHE40	3	K562	MEME
SPP_short	GATA1	1	K562	MEME
SPP_short	SREBF1	2	K562	MEME
SPP_short	RFX1	3	K562	MEME
SPP_short	ZHX1	2	K562	MEME
SPP_short	ZZZ3	0	K562	MEME
SPP_short	KLF13	4	K562	MEME
SPP_short	KLF1	2	K562	MEME
SPP_short	SP1	2	K562	MEME
SPP_short	FOXJ2	4	K562	MEME
SPP_short	TEAD2	2	K562	MEME
SPP_short	ZNF384	3	K562	MEME
SPP_short	ETV6	4	K562	MEME
SPP_short	NR3C1	0	K562	MEME
SPP_short	FOS	0	K562	MEME
SPP_short	IRF9	0	K562	MEME
SPP_short	CREB3L1	2	K562	MEME
SPP_short	NR2F6	2	K562	MEME
SPP_short	ATF3	3	K562	MEME
SPP_short	HMBOX1	2	K562	MEME
SPP_short	ELK1	2	K562	MEME
SPP_short	JUNB	2	K562	MEME
SPP_short	EGR1	4	K562	MEME
SPP_short	NR2F1	2	K562	MEME
SPP_short	E2F7	2	K562	MEME
SPP_short	MAFK	3	K562	MEME
SPP_short	NFE2L1	2	K562	MEME
SPP_short	MAFF	4	K562	MEME
SPP_short	MEIS2	1	K562	MEME
SPP_short	GATA2	2	K562	MEME
SPP_short	ZBTB33	1	K562	MEME
SPP_short	NEUROD1	0	K562	MEME
SPP_short	ZNF740	2	K562	MEME
SPP_short	PKNOX1	0	K562	MEME
SPP_short	CTCF	2	K562	MEME
SPP_short	MNT	1	K562	MEME
SPP_short	USF2	2	K562	MEME
SPP_short	HINFP	0	K562	MEME
SPP_short	ELF1	3	K562	MEME
SPP_short	ZNF282	2	K562	MEME
SPP_short	FOXA1	3	K562	MEME
SPP_short	ATF2	1	K562	MEME
SPP_short	RFX5	2	K562	MEME
SPP_short	GMEB1	3	K562	MEME
SPP_short	YBX1	0	K562	MEME
SPP_short	CUX1	1	K562	MEME
SPP_short	MEF2A	2	K562	MEME
SPP_short	FOSL1	2	K562	MEME
SPP_short	ETV1	2	K562	MEME
SPP_short	ZBTB2	0	K562	MEME
SPP_short	LEF1	2	K562	MEME
SPP_short	NFIC	2	K562	MEME
SPP_short	DNMT1	0	K562	MEME
SPP_short	ZNF143	2	K562	MEME
SPP_short	ATF7	1	K562	MEME
SPP_short	TCF12	1	K562	MEME
SPP_short	NRF1	1	K562	MEME
SPP_short	ETS2	0	K562	MEME
SPP_short	SMAD5	0	K562	MEME
SPP_short	RELA	0	K562	MEME
SPP_short	MAX	2	K562	MEME
SPP_short	ELF4	3	K562	MEME
SPP_short	KLF16	0	K562	MEME
SPP_short	TEAD4	0	K562	MEME
SPP_short	CEBPG	2	K562	MEME
SPP_short	ZNF274	3	K562	MEME
SPP_short	MAFG	4	K562	MEME
SPP_short	NFE2	2	K562	MEME
SPP_short	ESRRA	2	K562	MEME
SPP_short	NR4A1	1	K562	MEME
SPP_short	MYBL2	1	K562	MEME
SPP_short	GABPA	3	K562	MEME
MOBI	THRA	3	K562	MEME
MOBI	E2F8	2	K562	MEME
MOBI	SPI1	4	K562	MEME
MOBI	ZBED1	1	K562	MEME
MOBI	ATF4	1	K562	MEME
MOBI	ZBTB7A	3	K562	MEME
MOBI	CREB3	1	K562	MEME
MOBI	USF1	1	K562	MEME
MOBI	JUND	3	K562	MEME
MOBI	VEZF1	2	K562	MEME
MOBI	POU5F1	1	K562	MEME
MOBI	NFATC3	0	K562	MEME
MOBI	TCF7	2	K562	MEME
MOBI	ETS1	1	K562	MEME
MOBI	YY1	4	K562	MEME
MOBI	JUN	3	K562	MEME
MOBI	HES1	1	K562	MEME
MOBI	CEBPB	1	K562	MEME
MOBI	MEF2D	1	K562	MEME
MOBI	ZNF263	4	K562	MEME
MOBI	IRF2	5	K562	MEME
MOBI	NR2C2	2	K562	MEME
MOBI	NR2C1	3	K562	MEME
MOBI	ZSCAN29	2	K562	MEME
MOBI	MGA	0	K562	MEME
MOBI	E2F1	2	K562	MEME
MOBI	CREM	3	K562	MEME
MOBI	BHLHE40	1	K562	MEME
MOBI	GATA1	1	K562	MEME
MOBI	SREBF1	2	K562	MEME
MOBI	RFX1	2	K562	MEME
MOBI	ZHX1	1	K562	MEME
MOBI	ZZZ3	0	K562	MEME
MOBI	KLF13	5	K562	MEME
MOBI	KLF1	2	K562	MEME
MOBI	SP1	2	K562	MEME
MOBI	FOXJ2	3	K562	MEME
MOBI	TEAD2	2	K562	MEME
MOBI	ZNF384	3	K562	MEME
MOBI	ETV6	2	K562	MEME
MOBI	NR3C1	0	K562	MEME
MOBI	FOS	0	K562	MEME
MOBI	IRF9	0	K562	MEME
MOBI	CREB3L1	2	K562	MEME
MOBI	NR2F6	2	K562	MEME
MOBI	ATF3	2	K562	MEME
MOBI	HMBOX1	3	K562	MEME
MOBI	ELK1	3	K562	MEME
MOBI	JUNB	1	K562	MEME
MOBI	EGR1	5	K562	MEME
MOBI	NR2F1	4	K562	MEME
MOBI	E2F7	3	K562	MEME
MOBI	MAFK	2	K562	MEME
MOBI	NFE2L1	2	K562	MEME
MOBI	MAFF	2	K562	MEME
MOBI	MEIS2	2	K562	MEME
MOBI	GATA2	3	K562	MEME
MOBI	ZBTB33	0	K562	MEME
MOBI	NEUROD1	0	K562	MEME
MOBI	ZNF740	2	K562	MEME
MOBI	PKNOX1	0	K562	MEME
MOBI	CTCF	1	K562	MEME
MOBI	MNT	1	K562	MEME
MOBI	USF2	1	K562	MEME
MOBI	HINFP	1	K562	MEME
MOBI	ELF1	2	K562	MEME
MOBI	ZNF282	1	K562	MEME
MOBI	FOXA1	2	K562	MEME
MOBI	ATF2	1	K562	MEME
MOBI	RFX5	2	K562	MEME
MOBI	GMEB1	2	K562	MEME
MOBI	YBX1	4	K562	MEME
MOBI	CUX1	3	K562	MEME
MOBI	MEF2A	2	K562	MEME
MOBI	FOSL1	2	K562	MEME
MOBI	ETV1	3	K562	MEME
MOBI	ZBTB2	0	K562	MEME
MOBI	LEF1	3	K562	MEME
MOBI	NFIC	2	K562	MEME
MOBI	DNMT1	0	K562	MEME
MOBI	ZNF143	1	K562	MEME
MOBI	ATF7	1	K562	MEME
MOBI	TCF12	0	K562	MEME
MOBI	NRF1	2	K562	MEME
MOBI	ETS2	0	K562	MEME
MOBI	SMAD5	0	K562	MEME
MOBI	RELA	0	K562	MEME
MOBI	MAX	1	K562	MEME
MOBI	ELF4	3	K562	MEME
MOBI	KLF16	0	K562	MEME
MOBI	TEAD4	1	K562	MEME
MOBI	CEBPG	3	K562	MEME
MOBI	ZNF274	3	K562	MEME
MOBI	MAFG	3	K562	MEME
MOBI	NFE2	1	K562	MEME
MOBI	ESRRA	2	K562	MEME
MOBI	NR4A1	0	K562	MEME
MOBI	MYBL2	1	K562	MEME
MOBI	GABPA	3	K562	MEME
